{"cameraMode":{"drawMode":0,"name":"Shaded","section":"Shading Mode"},"sceneLighting":true,"audioPlay":false,"sceneViewState":{"showFog":true,"showMaterialUpdate":false,"showSkybox":true,"showFlares":true,"showImageEffects":true,"showParticleSystems":true},"in2DMode":false,"pivot":{"x":0.6803374290466309,"y":-0.04114341735839844,"z":-0.6546050310134888},"rotation":{"x":-0.25121375918388369,"y":0.7119174003601074,"z":-0.3092604875564575,"w":-0.5782942771911621},"size":10.0,"orthographic":false}